,0
0,aah
1,aathi
2,ab
3,abbey
4,abdomen
5,abeg
6,abel
7,abi
8,ability
9,abiola
10,abj
11,able
12,abnormally
13,aboutas
14,absence
15,absolutly
16,abstract
17,abt
18,abta
19,aburo
20,ac
21,academic
22,acc
23,accenture
24,accept
25,access
26,accessible
27,accidant
28,accident
29,accidentally
30,accommodation
31,accommodationvouchers
32,accomodations
33,accordin
34,accordingly
35,account
36,accounting
37,accumulation
38,ache
39,achieve
40,acid
41,acl
42,aco
43,across
44,act
45,acted
46,acting
47,action
48,activ
49,activate
50,active
51,activity
52,actor
53,actual
54,actually
55,ad
56,adam
57,add
58,addamsfa
59,added
60,addicted
61,addie
62,adding
63,address
64,adewale
65,admin
66,admirer
67,admission
68,adore
69,adoring
70,adress
71,adrian
72,adsense
73,adult
74,advance
75,adventure
76,advice
77,advise
78,advising
79,advisor
80,ae
81,aeronautics
82,aeroplane
83,afew
84,affair
85,affection
86,affectionate
87,affidavit
88,afraid
89,africa
90,african
91,aft
92,afternon
93,afternoon
94,aftr
95,ag
96,age
97,agency
98,agent
99,agidhane
100,aging
101,ago
102,agree
103,ah
104,aha
105,ahead
106,ahhh
107,ahhhh
108,ahmad
109,aid
110,aig
111,aight
112,aint
113,air
114,airport
115,airtel
116,aiya
117,aiyah
118,aiyar
119,aiyo
120,aj
121,ajith
122,ak
123,aka
124,akon
125,al
126,alaikkum
127,alaipayuthe
128,albi
129,album
130,alcohol
131,aldrine
132,alert
133,aletter
134,alex
135,alfie
136,algarve
137,algebra
138,ali
139,alian
140,alive
141,allah
142,allalo
143,alle
144,allow
145,almost
146,alone
147,along
148,alot
149,already
150,alright
151,alrite
152,also
153,alternative
154,although
155,alto
156,alwa
157,always
158,alwys
159,am
160,amanda
161,amazing
162,ambitious
163,american
164,ami
165,amigo
166,ammae
167,ammo
168,among
169,amongst
170,amore
171,amount
172,amp
173,amplikater
174,amrca
175,amrita
176,amt
177,amused
178,amy
179,an
180,ana
181,anal
182,analysis
183,anand
184,andres
185,andrew
186,andros
187,angry
188,animal
189,anjie
190,anjola
191,anna
192,annie
193,anniversary
194,annoncement
195,announcement
196,annoyin
197,annoying
198,anot
199,another
200,ansr
201,answer
202,answered
203,answerin
204,answering
205,answr
206,antelope
207,anthony
208,anti
209,antibiotic
210,anybody
211,anyhow
212,anymore
213,anyone
214,anyplaces
215,anythiing
216,anything
217,anythingtomorrow
218,anytime
219,anyway
220,anyways
221,anywhere
222,aom
223,apart
224,apartment
225,ape
226,apeshit
227,aphex
228,apo
229,apologise
230,apology
231,app
232,appeal
233,appear
234,apple
235,applebees
236,application
237,apply
238,appointment
239,appreciate
240,appreciated
241,approach
242,appropriate
243,approve
244,approved
245,approx
246,apps
247,appt
248,appy
249,april
250,aproach
251,apt
252,aptitude
253,aquarius
254,ar
255,arab
256,arabian
257,arcade
258,archive
259,ard
260,area
261,arent
262,arestaurant
263,aretaking
264,areyouunique
265,argentina
266,argh
267,argue
268,argument
269,aries
270,arise
271,arises
272,arm
273,armand
274,armenia
275,arng
276,arnt
277,around
278,aroundn
279,arrange
280,arranging
281,arrested
282,arrival
283,arrive
284,arrived
285,arsenal
286,art
287,artist
288,arun
289,as
290,asa
291,asap
292,ash
293,ashley
294,ashwini
295,asia
296,asjesus
297,ask
298,askd
299,asked
300,askin
301,asking
302,asks
303,aslamalaikkum
304,asleep
305,asp
306,aspect
307,asshole
308,assistance
309,associate
310,assume
311,assumed
312,asthere
313,asthma
314,astne
315,astrology
316,asus
317,asusual
318,ate
319,athome
320,atlanta
321,atlast
322,atleast
323,atm
324,atrocious
325,attached
326,attack
327,attempt
328,atten
329,attend
330,attended
331,attending
332,attention
333,attitude
334,attractive
335,attributed
336,auction
337,audiitions
338,audition
339,audrey
340,august
341,aunt
342,auntie
343,aunty
344,aust
345,auto
346,av
347,ava
348,availa
349,available
350,avalarr
351,avatar
352,avble
353,ave
354,avenge
355,avent
356,avenue
357,avin
358,avo
359,avoid
360,avoiding
361,avoids
362,await
363,awaiting
364,awake
365,award
366,awarded
367,away
368,awesome
369,awkward
370,aww
371,awww
372,axel
373,axis
374,ay
375,ayn
376,ayo
377,ba
378,baaaaaaaabe
379,baaaaabe
380,babe
381,baby
382,babysit
383,babysitting
384,bac
385,back
386,bad
387,badrith
388,bag
389,bahamas
390,baig
391,bailiff
392,bak
393,bakra
394,bakrid
395,balance
396,ball
397,balloon
398,bam
399,bambling
400,ban
401,band
402,bang
403,bank
404,banned
405,banneduk
406,bao
407,bar
408,barbie
409,barcelona
410,bare
411,barely
412,barkley
413,barmed
414,barolla
415,barred
416,barrel
417,barring
418,base
419,basic
420,basically
421,basketball
422,bat
423,batch
424,bath
425,bathe
426,bathing
427,bathroom
428,batsman
429,batt
430,battery
431,battle
432,bawling
433,bay
434,bb
435,bbd
436,bbdeluxe
437,bc
438,bck
439,bcm
440,bcmsfwc
441,bcoz
442,bcum
443,bcums
444,bcz
445,bday
446,bead
447,bear
448,beating
449,beautiful
450,beauty
451,bec
452,becausethey
453,become
454,becoz
455,becz
456,bed
457,bedrm
458,bedroom
459,beeen
460,beendropping
461,beer
462,beerage
463,befor
464,beg
465,beggar
466,begging
467,begin
468,begun
469,behalf
470,behave
471,behind
472,bein
473,believe
474,belive
475,bell
476,belligerent
477,belly
478,belong
479,belongs
480,belovd
481,beloved
482,belt
483,ben
484,bend
485,beneficiary
486,benefit
487,bergkamp
488,best
489,bet
490,beta
491,beth
492,betta
493,better
494,bettr
495,beverage
496,bevy
497,beware
498,bf
499,bfore
500,bhamb
501,bian
502,biatch
503,bid
504,big
505,bigger
506,biggest
507,bill
508,billed
509,billing
510,billion
511,billy
512,bilo
513,bimbo
514,bin
515,biola
516,bird
517,birla
518,birth
519,birthdate
520,birthday
521,bishan
522,bit
523,bitch
524,bite
525,biz
526,bk
527,black
528,blackberry
529,blah
530,blake
531,blame
532,blank
533,blanket
534,blastin
535,bleak
536,bleh
537,bless
538,blessed
539,blessing
540,blimey
541,block
542,blocked
543,blogging
544,blogspot
545,bloke
546,blonde
547,blood
548,bloody
549,bloomberg
550,blow
551,blown
552,blue
553,bluetooth
554,bluetoothhdset
555,bluff
556,blur
557,bluray
558,bmw
559,boat
560,boatin
561,body
562,boggy
563,bognor
564,bold
565,boltblue
566,bone
567,bong
568,bonus
569,boo
570,boob
571,book
572,booked
573,bookedthe
574,booking
575,bookmark
576,bookshelf
577,boooo
578,boost
579,booty
580,bootydelious
581,borderline
582,bored
583,borin
584,boring
585,born
586,borrow
587,bos
588,boston
589,bother
590,bottle
591,bottom
592,bought
593,boundary
594,bout
595,bowa
596,bowl
597,box
598,boy
599,boye
600,boyf
601,boyfriend
602,boytoy
603,bp
604,bra
605,brain
606,braindance
607,brainless
608,brainy
609,brand
610,brandy
611,bray
612,brdget
613,bread
614,breadstick
615,break
616,breaker
617,breakfast
618,breakin
619,breathe
620,breather
621,breezy
622,bremoved
623,bribe
624,bridal
625,bright
626,brighten
627,brilliant
628,brilliantly
629,brin
630,bring
631,bringing
632,brings
633,brison
634,bristol
635,british
636,britney
637,bro
638,broad
639,broadband
640,broke
641,bros
642,brothas
643,brother
644,brought
645,brownie
646,browse
647,browser
648,browsin
649,bruce
650,brum
651,bruv
652,bslvyl
653,bsn
654,bsnl
655,bstfrnd
656,bt
657,btw
658,btwn
659,buck
660,bud
661,buddy
662,budget
663,buen
664,buff
665,buffet
666,buffy
667,bugis
668,building
669,built
670,bulb
671,bull
672,bun
673,bundle
674,bunker
675,burden
676,burger
677,burgundy
678,burial
679,burn
680,burning
681,burnt
682,burrito
683,bus
684,busetop
685,business
686,busty
687,busy
688,butt
689,buttheres
690,butting
691,buy
692,buyer
693,buying
694,buzy
695,buzz
696,bx
697,byatch
698,bye
699,cab
700,cabin
701,cable
702,cafe
703,cake
704,cal
705,cali
706,calicut
707,california
708,call
709,callback
710,callcost
711,calld
712,called
713,caller
714,callertune
715,callfreefone
716,callin
717,calling
718,callon
719,calm
720,cam
721,camcorder
722,came
723,camera
724,camp
725,campus
726,camry
727,canada
728,canal
729,canary
730,cancel
731,cancelled
732,cancer
733,cann
734,cannot
735,cant
736,cantdo
737,canteen
738,cappuccino
739,captain
740,captaining
741,car
742,card
743,cardiff
744,care
745,career
746,careful
747,carefully
748,careless
749,caring
750,carlin
751,carlos
752,caroline
753,carry
754,carryin
755,cartoon
756,case
757,cash
758,cashbin
759,cashto
760,cast
761,castor
762,casualty
763,cat
764,catch
765,cause
766,causing
767,cave
768,caveboy
769,cbe
770,cc
771,ccna
772,cd
773,cdgt
774,cedar
775,ceiling
776,celeb
777,celebrate
778,cell
779,center
780,centre
781,century
782,cereal
783,ceri
784,certainly
785,certificate
786,cfca
787,ch
788,cha
789,chad
790,chain
791,challenge
792,champ
793,champlaxigating
794,champneys
795,chance
796,change
797,changed
798,changing
799,chap
800,chapel
801,chapter
802,character
803,charge
804,charged
805,charity
806,charles
807,charlie
808,charming
809,chart
810,chase
811,chasing
812,chastity
813,chat
814,chatlines
815,chatter
816,chatting
817,cheap
818,cheaper
819,cheat
820,cheating
821,chechi
822,check
823,checked
824,checkin
825,checking
826,checkup
827,cheek
828,cheer
829,cheered
830,cheery
831,cheese
832,cheesy
833,cheetos
834,chennai
835,cherish
836,cherthala
837,chest
838,chex
839,chg
840,chgs
841,chick
842,chicken
843,chickened
844,chikku
845,child
846,childish
847,chile
848,chill
849,chillin
850,china
851,chinchilla
852,chinese
853,chinky
854,chinnu
855,chiong
856,chip
857,chit
858,chloe
859,chocolate
860,choice
861,choose
862,choosing
863,chord
864,chore
865,chosen
866,chrgd
867,christ
868,christian
869,christmas
870,chuck
871,chuckin
872,church
873,ciao
874,cine
875,cinema
876,citizen
877,city
878,cl
879,claim
880,claimcode
881,claire
882,clarify
883,clark
884,clas
885,class
886,classic
887,cld
888,clean
889,cleaning
890,clear
891,cleared
892,clearer
893,clearly
894,click
895,cliff
896,clock
897,clos
898,close
899,closeby
900,closed
901,closer
902,closingdate
903,cloth
904,clothes
905,cloud
906,clover
907,club
908,clubmoby
909,clubzed
910,clue
911,cm
912,cme
913,cmon
914,cn
915,cnl
916,cnn
917,cnupdates
918,co
919,coach
920,coast
921,coaxing
922,coccooning
923,cochin
924,cock
925,cocksucker
926,coco
927,code
928,coffee
929,coherently
930,coimbatore
931,coin
932,colany
933,cold
934,colin
935,colleague
936,collect
937,collected
938,collection
939,college
940,color
941,colour
942,colourful
943,com
944,combination
945,come
946,comedy
947,comfey
948,comfort
949,comin
950,coming
951,comingdown
952,comment
953,commercial
954,commit
955,common
956,community
957,como
958,comp
959,company
960,compare
961,compass
962,compensation
963,competition
964,complacent
965,complain
966,complaining
967,complaint
968,complementary
969,complete
970,completely
971,completes
972,completing
973,complexity
974,compliment
975,complimentary
976,compromised
977,compulsory
978,computer
979,computerless
980,comuk
981,conacted
982,concentrate
983,concentration
984,concern
985,concerned
986,concert
987,conclusion
988,condition
989,conduct
990,conference
991,confidence
992,confirm
993,confirmd
994,confirmed
995,conform
996,confused
997,confuses
998,congrats
999,congratulation
1000,connect
1001,connected
1002,connection
1003,consent
1004,conserve
1005,consider
1006,considering
1007,console
1008,constantly
1009,contact
1010,contacted
1011,contains
1012,content
1013,contented
1014,contention
1015,continent
1016,continue
1017,continued
1018,contract
1019,contribute
1020,control
1021,converter
1022,convey
1023,convince
1024,convincing
1025,cook
1026,cooked
1027,cooking
1028,cool
1029,cooped
1030,coping
1031,copy
1032,cornwall
1033,corporation
1034,correct
1035,correction
1036,corrupt
1037,corvette
1038,cost
1039,costa
1040,costing
1041,costume
1042,cougar
1043,cough
1044,coughing
1045,could
1046,coulda
1047,count
1048,countin
1049,countinlots
1050,country
1051,couple
1052,courage
1053,course
1054,courtroom
1055,cousin
1056,cover
1057,coveragd
1058,coz
1059,cozy
1060,cps
1061,cr
1062,crack
1063,craigslist
1064,cramp
1065,crap
1066,crash
1067,crashing
1068,crave
1069,craving
1070,craziest
1071,crazy
1072,crazyin
1073,cream
1074,created
1075,credit
1076,credited
1077,creep
1078,creepy
1079,cres
1080,cribbs
1081,cricket
1082,crisis
1083,crore
1084,cross
1085,crossing
1086,crowd
1087,croydon
1088,crucial
1089,cruel
1090,cruise
1091,cruisin
1092,crush
1093,cry
1094,csbcm
1095,csh
1096,cst
1097,ct
1098,ctagg
1099,ctargg
1100,cthen
1101,ctla
1102,cttargg
1103,ctter
1104,cttergg
1105,ctxt
1106,cud
1107,cuddle
1108,cuddling
1109,cudnt
1110,culdnt
1111,cum
1112,cumin
1113,cup
1114,curfew
1115,curious
1116,current
1117,currently
1118,curry
1119,curtsey
1120,cusoon
1121,cust
1122,custcare
1123,custom
1124,customer
1125,customercare
1126,cut
1127,cute
1128,cutefrnd
1129,cutest
1130,cutter
1131,cutting
1132,cuz
1133,cw
1134,cyclist
1135,da
1136,dabooks
1137,dad
1138,daddy
1139,dai
1140,daily
1141,damn
1142,dan
1143,dance
1144,dancing
1145,dang
1146,danger
1147,dangerous
1148,dare
1149,dark
1150,darkness
1151,darlin
1152,darling
1153,darren
1154,dartboard
1155,dat
1156,data
1157,date
1158,datebox
1159,dating
1160,dave
1161,day
1162,daytime
1163,dbuk
1164,dd
1165,de
1166,dead
1167,deal
1168,dealing
1169,dear
1170,death
1171,debating
1172,dec
1173,decade
1174,december
1175,decent
1176,decide
1177,decided
1178,deciding
1179,decimal
1180,decision
1181,deck
1182,decking
1183,dedicate
1184,dedicated
1185,deduct
1186,deep
1187,deepak
1188,deer
1189,deeraj
1190,def
1191,defeat
1192,defer
1193,deficient
1194,definite
1195,definitely
1196,definitly
1197,defo
1198,degree
1199,dehydrated
1200,dehydration
1201,del
1202,delay
1203,delayed
1204,delete
1205,deleted
1206,delhi
1207,delicious
1208,deliver
1209,delivered
1210,deliveredtomorrow
1211,delivery
1212,deltomorrow
1213,deluxe
1214,demand
1215,den
1216,dengra
1217,dent
1218,deny
1219,denying
1220,department
1221,dependent
1222,depends
1223,deposit
1224,deposited
1225,depressed
1226,depression
1227,dept
1228,der
1229,derek
1230,describe
1231,desert
1232,deserve
1233,designation
1234,desire
1235,desk
1236,desparate
1237,dessert
1238,detail
1239,detailed
1240,detroit
1241,deus
1242,develop
1243,developer
1244,device
1245,devil
1246,devouring
1247,dey
1248,dhanush
1249,dhina
1250,dhoni
1251,dhorte
1252,di
1253,dial
1254,dialling
1255,diamond
1256,diaper
1257,dice
1258,dick
1259,dictionary
1260,diddy
1261,didnt
1262,die
1263,died
1264,diesel
1265,diet
1266,dieting
1267,diff
1268,difference
1269,different
1270,difficult
1271,difficulty
1272,dificult
1273,digit
1274,digital
1275,dignity
1276,dileep
1277,dime
1278,dimension
1279,din
1280,dine
1281,dined
1282,dining
1283,dinner
1284,dino
1285,dint
1286,dip
1287,dippeditinadew
1288,direct
1289,directly
1290,director
1291,dirt
1292,dirty
1293,dis
1294,disagreeable
1295,disappeared
1296,disappointment
1297,disaster
1298,disc
1299,disclose
1300,disconnect
1301,discount
1302,discreet
1303,discus
1304,discussed
1305,disease
1306,disk
1307,dislike
1308,dismissial
1309,display
1310,distance
1311,distract
1312,disturb
1313,disturbance
1314,disturbing
1315,divert
1316,division
1317,divorce
1318,diwali
1319,dizzamn
1320,dizzee
1321,dl
1322,dlf
1323,dload
1324,dnt
1325,dob
1326,dobby
1327,doc
1328,dock
1329,doctor
1330,document
1331,dodgey
1332,doesdiscount
1333,doesnt
1334,dog
1335,dogbreath
1336,dogging
1337,doggy
1338,dogwood
1339,doin
1340,doit
1341,doke
1342,dokey
1343,doll
1344,dollar
1345,done
1346,donno
1347,dont
1348,dontmatter
1349,donyt
1350,door
1351,dorm
1352,dose
1353,dosomething
1354,dot
1355,double
1356,doublemins
1357,doubletxt
1358,doubt
1359,doug
1360,dough
1361,down
1362,download
1363,downloaded
1364,downloads
1365,dr
1366,dracula
1367,drama
1368,dramastorm
1369,drastic
1370,draw
1371,dream
1372,dreamz
1373,dress
1374,dressed
1375,dresser
1376,drink
1377,drinking
1378,drive
1379,driver
1380,drivin
1381,driving
1382,drms
1383,drop
1384,dropped
1385,drove
1386,drpd
1387,drug
1388,drugdealer
1389,drunk
1390,dry
1391,dsn
1392,dt
1393,dual
1394,dub
1395,dubsack
1396,duchess
1397,ducking
1398,dude
1399,due
1400,duffer
1401,dull
1402,dumb
1403,dump
1404,dun
1405,dungerees
1406,dunno
1407,duo
1408,durban
1409,durham
1410,dusk
1411,dust
1412,duvet
1413,dvd
1414,dvg
1415,dx
1416,dying
1417,ea
1418,ear
1419,earlier
1420,early
1421,earning
1422,earth
1423,easier
1424,easiest
1425,easily
1426,east
1427,eastenders
1428,easter
1429,easy
1430,eat
1431,eaten
1432,eatin
1433,eating
1434,ebay
1435,ec
1436,ecef
1437,eckankar
1438,ecstacy
1439,ecstasy
1440,ed
1441,edge
1442,edhae
1443,edison
1444,edu
1445,education
1446,educational
1447,edward
1448,eek
1449,eerie
1450,effect
1451,efficient
1452,eg
1453,egbon
1454,egg
1455,ego
1456,eh
1457,eight
1458,eighth
1459,eire
1460,either
1461,ela
1462,elaborate
1463,elaborating
1464,elaine
1465,elama
1466,eldest
1467,election
1468,elephant
1469,else
1470,elsewhere
1471,elvis
1472,em
1473,email
1474,embarassed
1475,embarassing
1476,embarrassed
1477,embassy
1478,emergency
1479,emigrated
1480,emotion
1481,employee
1482,empty
1483,en
1484,enc
1485,end
1486,ended
1487,ending
1488,endless
1489,endowed
1490,enemy
1491,energy
1492,eng
1493,engaged
1494,engin
1495,england
1496,english
1497,enjoy
1498,enjoyed
1499,enjoyin
1500,enjoying
1501,enketa
1502,enna
1503,ennal
1504,enough
1505,ente
1506,enter
1507,entered
1508,entertain
1509,entertaining
1510,entirely
1511,entitled
1512,entrepreneur
1513,entropication
1514,entry
1515,enuff
1516,envelope
1517,environment
1518,envy
1519,eppolum
1520,epsilon
1521,equally
1522,er
1523,ere
1524,ericson
1525,ericsson
1526,erm
1527,erode
1528,erotic
1529,err
1530,error
1531,eruku
1532,erupt
1533,erutupalam
1534,esaplanade
1535,escape
1536,ese
1537,eshxxxxxxxxxxx
1538,especially
1539,esplanade
1540,essay
1541,essential
1542,essexcm
1543,eta
1544,etc
1545,etlp
1546,ettans
1547,euro
1548,eurodisinc
1549,europe
1550,eva
1551,eve
1552,eveb
1553,even
1554,evening
1555,event
1556,ever
1557,every
1558,everybody
1559,everyday
1560,everyone
1561,everyones
1562,everyso
1563,everythin
1564,everything
1565,everywhere
1566,eviction
1567,evil
1568,evn
1569,evng
1570,evo
1571,evone
1572,evr
1573,evrey
1574,evry
1575,evrydy
1576,ew
1577,ex
1578,exact
1579,exactly
1580,exam
1581,excellent
1582,except
1583,exchanged
1584,exciting
1585,excuse
1586,executive
1587,exercise
1588,exeter
1589,exhaust
1590,exhausted
1591,exhibition
1592,exist
1593,exit
1594,exmpel
1595,exorcist
1596,expect
1597,expecting
1598,expects
1599,expensive
1600,experience
1601,experiencehttp
1602,expert
1603,expired
1604,expires
1605,expiry
1606,explain
1607,explicit
1608,explicitly
1609,explosive
1610,express
1611,expression
1612,expressoffer
1613,ext
1614,extra
1615,extract
1616,ey
1617,eye
1618,eyed
1619,ez
1620,fa
1621,fab
1622,faber
1623,face
1624,facebook
1625,facility
1626,fact
1627,factory
1628,faded
1629,faggot
1630,faggy
1631,faglord
1632,failed
1633,failing
1634,fails
1635,failure
1636,fair
1637,faith
1638,fake
1639,fakeye
1640,fal
1641,falconerf
1642,fall
1643,falling
1644,fals
1645,famamus
1646,familiar
1647,family
1648,famous
1649,fan
1650,fancied
1651,fancy
1652,fantastic
1653,fantasy
1654,far
1655,farm
1656,farrell
1657,farting
1658,fast
1659,faster
1660,fastest
1661,fat
1662,fated
1663,father
1664,fathima
1665,fatty
1666,fault
1667,fave
1668,favor
1669,favour
1670,favourite
1671,fb
1672,feathery
1673,feature
1674,feb
1675,february
1676,fed
1677,fedex
1678,fee
1679,feel
1680,feelin
1681,feeling
1682,feellikw
1683,fell
1684,felt
1685,female
1686,fetch
1687,fetching
1688,fever
1689,ff
1690,fgkslpo
1691,fgkslpopw
1692,fidalfication
1693,field
1694,fieldof
1695,fifa
1696,fifteen
1697,fifth
1698,fifty
1699,fight
1700,fighting
1701,fightng
1702,figure
1703,figuring
1704,fil
1705,file
1706,fill
1707,filled
1708,filling
1709,film
1710,filthy
1711,final
1712,finalise
1713,finally
1714,finance
1715,financial
1716,find
1717,finding
1718,fine
1719,finest
1720,finger
1721,finish
1722,finished
1723,finishing
1724,finn
1725,fire
1726,fired
1727,firefox
1728,fireplace
1729,firsg
1730,first
1731,fish
1732,fishrman
1733,fit
1734,fiting
1735,five
1736,fix
1737,fixed
1738,fixedline
1739,fizz
1740,fl
1741,flag
1742,flaked
1743,flaky
1744,flash
1745,flat
1746,flatter
1747,fletcher
1748,flight
1749,flip
1750,flippin
1751,flirt
1752,flirting
1753,flirtparty
1754,floating
1755,flood
1756,floor
1757,floppy
1758,florida
1759,flower
1760,flowing
1761,fluid
1762,flung
1763,flurry
1764,fly
1765,flying
1766,flyng
1767,fm
1768,fml
1769,fold
1770,foley
1771,folk
1772,follow
1773,followed
1774,following
1775,follows
1776,fond
1777,fone
1778,foned
1779,fones
1780,food
1781,fool
1782,fooled
1783,foot
1784,football
1785,force
1786,foreign
1787,forever
1788,forevr
1789,forget
1790,forgets
1791,forgive
1792,forgiven
1793,forgiveness
1794,forgot
1795,forgotten
1796,forgt
1797,form
1798,formally
1799,format
1800,formatting
1801,forth
1802,fortune
1803,forum
1804,forward
1805,forwarded
1806,found
1807,four
1808,fourth
1809,fps
1810,fr
1811,fran
1812,frank
1813,franyxxxxx
1814,fraud
1815,freak
1816,freaking
1817,freaky
1818,fredericksburg
1819,free
1820,freedom
1821,freefone
1822,freely
1823,freemsg
1824,freephone
1825,freezing
1826,fren
1827,french
1828,frens
1829,frequently
1830,fret
1831,fri
1832,friday
1833,fridge
1834,friend
1835,friendship
1836,fringe
1837,frm
1838,frnd
1839,frnds
1840,frndship
1841,frndshp
1842,frndz
1843,fro
1844,frog
1845,fromm
1846,front
1847,frontierville
1848,frosty
1849,frwd
1850,frying
1851,ft
1852,fuck
1853,fucked
1854,fuckin
1855,fucking
1856,fuckinnice
1857,fudge
1858,fuelled
1859,fujitsu
1860,ful
1861,fulfil
1862,full
1863,fullonsms
1864,fumbling
1865,fun
1866,funeral
1867,funk
1868,funky
1869,funny
1870,furniture
1871,future
1872,fuuuuck
1873,fwd
1874,fyi
1875,ga
1876,gage
1877,gailxx
1878,gain
1879,gained
1880,gal
1881,galileo
1882,gamb
1883,game
1884,gamestar
1885,gandhipuram
1886,ganesh
1887,gang
1888,gap
1889,garage
1890,garbage
1891,garden
1892,gardener
1893,gari
1894,gary
1895,gas
1896,gastroenteritis
1897,gate
1898,gauge
1899,gautham
1900,gave
1901,gay
1902,gayle
1903,gaytextbuddy
1904,gaze
1905,gb
1906,gbp
1907,gd
1908,ge
1909,gee
1910,geeee
1911,geeeee
1912,gei
1913,gek
1914,gene
1915,general
1916,generally
1917,genius
1918,gent
1919,gentle
1920,gentleman
1921,gently
1922,genuine
1923,genus
1924,geoenvironmental
1925,george
1926,germany
1927,get
1928,geting
1929,getsleep
1930,getstop
1931,gettin
1932,getting
1933,getzed
1934,ghodbandar
1935,ghost
1936,gibbs
1937,gibe
1938,gift
1939,gifted
1940,giggle
1941,gigolo
1942,gimme
1943,gimmi
1944,gin
1945,girl
1946,girlfrnd
1947,girlie
1948,gist
1949,giv
1950,give
1951,given
1952,giving
1953,glad
1954,gland
1955,glasgow
1956,glass
1957,global
1958,glorious
1959,glory
1960,gm
1961,gmw
1962,gn
1963,gnarl
1964,gnun
1965,go
1966,goal
1967,god
1968,goggles
1969,goigng
1970,goin
1971,going
1972,gokila
1973,gold
1974,golden
1975,goldviking
1976,golf
1977,gona
1978,gone
1979,gonna
1980,gonnamissu
1981,good
1982,goodevening
1983,goodfriend
1984,goodmate
1985,goodmorning
1986,goodnight
1987,goodnite
1988,goodnoon
1989,goodo
1990,goodtime
1991,goody
1992,google
1993,gopalettan
1994,gorgeous
1995,gosh
1996,gossip
1997,got
1998,gota
1999,gotany
2000,gotmarried
2001,goto
2002,gotta
2003,gotten
2004,gotto
2005,goverment
2006,govt
2007,gower
2008,gprs
2009,gr
2010,grace
2011,graduated
2012,grahmbell
2013,gram
2014,gran
2015,grand
2016,granite
2017,granted
2018,graphic
2019,grateful
2020,gravity
2021,gravy
2022,gray
2023,grazed
2024,great
2025,greatest
2026,greatly
2027,greatness
2028,greece
2029,green
2030,greet
2031,greeting
2032,grief
2033,grin
2034,grinder
2035,grinule
2036,grocer
2037,groovy
2038,groovying
2039,ground
2040,group
2041,grow
2042,growing
2043,grr
2044,grumpy
2045,gsoh
2046,gt
2047,gthr
2048,gua
2049,guai
2050,guaranteed
2051,gud
2052,gudnite
2053,gudnyt
2054,guess
2055,guessed
2056,guessin
2057,guessing
2058,guidance
2059,guide
2060,guild
2061,guilty
2062,guitar
2063,gumby
2064,guoyang
2065,gurl
2066,gut
2067,guy
2068,gv
2069,gving
2070,gym
2071,gymnastics
2072,gynae
2073,gyno
2074,ha
2075,habba
2076,haf
2077,haha
2078,hahaha
2079,hai
2080,hail
2081,hair
2082,haircut
2083,haiz
2084,half
2085,hall
2086,halla
2087,hallaq
2088,halloween
2089,ham
2090,hamper
2091,hamster
2092,hand
2093,handed
2094,handing
2095,handle
2096,handset
2097,handsome
2098,handsomes
2099,hang
2100,hanger
2101,hanging
2102,hank
2103,hannaford
2104,happen
2105,happend
2106,happened
2107,happenin
2108,happening
2109,happens
2110,happier
2111,happiest
2112,happily
2113,happiness
2114,happy
2115,hard
2116,hardcore
2117,harder
2118,hardest
2119,hardly
2120,hari
2121,harlem
2122,harry
2123,hasbro
2124,hasnt
2125,hassling
2126,hat
2127,hate
2128,haughaighgtujhyguj
2129,haul
2130,haunt
2131,hav
2132,havent
2133,havin
2134,havnt
2135,hb
2136,he
2137,head
2138,headache
2139,headin
2140,heading
2141,heal
2142,healthy
2143,heap
2144,hear
2145,heard
2146,hearin
2147,hearing
2148,heart
2149,hearted
2150,heater
2151,heaven
2152,heavily
2153,heavy
2154,hectic
2155,hee
2156,heehee
2157,height
2158,held
2159,helen
2160,hell
2161,hella
2162,hello
2163,helloooo
2164,help
2165,helpful
2166,helping
2167,helpline
2168,heltini
2169,hen
2170,hence
2171,henry
2172,hep
2173,hero
2174,heron
2175,hesitate
2176,hesitation
2177,hex
2178,hey
2179,hf
2180,hg
2181,hi
2182,hide
2183,hiding
2184,high
2185,highest
2186,hilarious
2187,hill
2188,hillsborough
2189,himso
2190,hint
2191,hip
2192,hiphop
2193,hire
2194,history
2195,hit
2196,hitman
2197,hitter
2198,hittng
2199,hiya
2200,hl
2201,hlday
2202,hlp
2203,hme
2204,hmm
2205,hmmm
2206,hmmmm
2207,hmmross
2208,hmv
2209,ho
2210,hockey
2211,hogidhe
2212,hol
2213,holby
2214,hold
2215,holder
2216,holding
2217,hole
2218,holiday
2219,holla
2220,hollalater
2221,hols
2222,holy
2223,home
2224,homeowner
2225,honestly
2226,honesty
2227,honey
2228,honeybee
2229,honi
2230,hont
2231,hoo
2232,hooch
2233,hook
2234,hooked
2235,hoop
2236,hop
2237,hope
2238,hopeful
2239,hopefully
2240,hopeing
2241,hoping
2242,hor
2243,horny
2244,horo
2245,horrible
2246,horse
2247,hospital
2248,hostel
2249,hot
2250,hotel
2251,hotmail
2252,hotmix
2253,hottest
2254,hour
2255,house
2256,housewife
2257,housing
2258,howard
2259,however
2260,hows
2261,howz
2262,hp
2263,hppnss
2264,hr
2265,hrishi
2266,hsbc
2267,html
2268,http
2269,hu
2270,huai
2271,hubby
2272,hug
2273,huge
2274,hugging
2275,hugh
2276,huh
2277,hui
2278,huiming
2279,hum
2280,humanity
2281,hun
2282,hundred
2283,hungry
2284,hunny
2285,hurricane
2286,hurried
2287,hurry
2288,hurt
2289,hurting
2290,husband
2291,hussey
2292,hustle
2293,hut
2294,hv
2295,hvae
2296,hw
2297,hype
2298,hypertension
2299,hypotheticalhuagauahahuagahyuhagga
2300,iam
2301,ibh
2302,ibhltd
2303,ibiza
2304,ibm
2305,ibn
2306,ibuprofen
2307,ic
2308,iccha
2309,ice
2310,icic
2311,icicibank
2312,icon
2313,id
2314,idc
2315,idea
2316,ideal
2317,identification
2318,identifier
2319,idew
2320,idiot
2321,idk
2322,ie
2323,ifink
2324,ig
2325,ignore
2326,ijust
2327,ikea
2328,ikno
2329,il
2330,ill
2331,illness
2332,im
2333,image
2334,imagination
2335,imagine
2336,imf
2337,imin
2338,imma
2339,immediately
2340,immunisation
2341,imp
2342,impatient
2343,implication
2344,important
2345,importantly
2346,imposed
2347,impossible
2348,impress
2349,impressed
2350,impression
2351,impressively
2352,improve
2353,improved
2354,imprtant
2355,inc
2356,inch
2357,incident
2358,inclu
2359,include
2360,includes
2361,including
2362,inclusive
2363,incomm
2364,inconsiderate
2365,inconvenience
2366,inconvenient
2367,incorrect
2368,increase
2369,incredible
2370,increment
2371,indeed
2372,independently
2373,index
2374,india
2375,indian
2376,indicate
2377,individual
2378,indyarocks
2379,infact
2380,infection
2381,infernal
2382,influx
2383,info
2384,inform
2385,information
2386,informed
2387,infra
2388,infront
2389,ing
2390,ingredient
2391,ink
2392,inlude
2393,inmind
2394,inner
2395,inning
2396,innocent
2397,innu
2398,inperialmusic
2399,inr
2400,insect
2401,insha
2402,inshah
2403,inside
2404,inspection
2405,install
2406,installation
2407,installing
2408,instantly
2409,instead
2410,instituitions
2411,instruction
2412,insurance
2413,intelligent
2414,intention
2415,interest
2416,interested
2417,interesting
2418,interflora
2419,internal
2420,internet
2421,interview
2422,interviw
2423,intha
2424,intrepid
2425,intro
2426,intrude
2427,invader
2428,invest
2429,investigate
2430,invitation
2431,invite
2432,invited
2433,inviting
2434,invnted
2435,involve
2436,iouri
2437,ip
2438,ipad
2439,ipaditan
2440,ipads
2441,iphone
2442,ipod
2443,iq
2444,irene
2445,iriver
2446,iron
2447,ironing
2448,irritates
2449,irritating
2450,irritation
2451,irulinae
2452,isaiah
2453,iscoming
2454,ish
2455,ishtamayoo
2456,island
2457,isnt
2458,issue
2459,italian
2460,itcould
2461,item
2462,itna
2463,itwhichturnedinto
2464,itz
2465,ive
2466,iyo
2467,iz
2468,izzit
2469,ja
2470,jabo
2471,jack
2472,jacket
2473,jackpot
2474,jackson
2475,jacuzzi
2476,jada
2477,jade
2478,jaklin
2479,jam
2480,james
2481,jamster
2482,jamz
2483,jan
2484,jane
2485,janinexx
2486,january
2487,japanese
2488,jas
2489,jason
2490,java
2491,jay
2492,jaya
2493,jaykwon
2494,jazz
2495,jb
2496,jd
2497,je
2498,jealous
2499,jeetey
2500,jeevithathile
2501,jenne
2502,jenny
2503,jeremiah
2504,jerk
2505,jerry
2506,jersey
2507,jess
2508,jesus
2509,jetton
2510,jewelry
2511,jez
2512,jhl
2513,jia
2514,jiayin
2515,jide
2516,jiu
2517,jjc
2518,jo
2519,joanna
2520,job
2521,jock
2522,jod
2523,jog
2524,jogging
2525,john
2526,join
2527,joined
2528,joining
2529,joke
2530,joker
2531,jokin
2532,joking
2533,jolly
2534,jolt
2535,jones
2536,jontin
2537,jordan
2538,jorge
2539,jos
2540,journey
2541,joy
2542,jst
2543,jstfrnd
2544,jsut
2545,juan
2546,judgemental
2547,juicy
2548,jul
2549,julianaland
2550,july
2551,jump
2552,jumper
2553,june
2554,junna
2555,jurong
2556,jus
2557,justbeen
2558,justfound
2559,justify
2560,juswoke
2561,juz
2562,jy
2563,kaaj
2564,kadeem
2565,kaiez
2566,kaitlyn
2567,kalaachutaarama
2568,kallis
2569,kalstiya
2570,kama
2571,kane
2572,kanji
2573,kano
2574,kappa
2575,karaoke
2576,karnan
2577,karo
2578,kate
2579,katexxx
2580,kath
2581,kavalan
2582,kay
2583,kb
2584,ke
2585,keen
2586,keep
2587,keeping
2588,kegger
2589,ken
2590,kent
2591,kept
2592,kerala
2593,keralacircle
2594,keris
2595,kettoda
2596,key
2597,keyword
2598,kfc
2599,kg
2600,khelate
2601,ki
2602,kicchu
2603,kick
2604,kickboxing
2605,kickoff
2606,kid
2607,kidding
2608,kidz
2609,kill
2610,killed
2611,killing
2612,kilo
2613,kind
2614,kinda
2615,kindly
2616,king
2617,kintu
2618,kiosk
2619,kip
2620,kisi
2621,kiss
2622,kit
2623,kitty
2624,kl
2625,knackered
2626,knee
2627,knew
2628,knickers
2629,knocking
2630,know
2631,knowing
2632,known
2633,knw
2634,ko
2635,kochi
2636,kolathupalayam
2637,konw
2638,korche
2639,korean
2640,korli
2641,korte
2642,kotees
2643,kothi
2644,kr
2645,ktv
2646,kuch
2647,kudi
2648,kusruthi
2649,kz
2650,la
2651,lab
2652,labor
2653,lac
2654,lacking
2655,laden
2656,lady
2657,lag
2658,lage
2659,laid
2660,lakh
2661,lambda
2662,lamp
2663,lancaster
2664,land
2665,landing
2666,landline
2667,lane
2668,language
2669,lanre
2670,lap
2671,lapdancer
2672,laptop
2673,lar
2674,lara
2675,laready
2676,largest
2677,lark
2678,lasagna
2679,last
2680,lastest
2681,lasting
2682,late
2683,lately
2684,latelyxxx
2685,later
2686,latest
2687,latr
2688,laugh
2689,laughed
2690,laughing
2691,laundry
2692,laurie
2693,lautech
2694,law
2695,laxinorficated
2696,lay
2697,laying
2698,lazy
2699,lb
2700,lccltd
2701,ld
2702,ldew
2703,ldn
2704,ldns
2705,ldnw
2706,le
2707,lead
2708,leading
2709,leaf
2710,leafcutter
2711,league
2712,leanne
2713,learn
2714,learned
2715,least
2716,leave
2717,leaving
2718,lect
2719,lecture
2720,lecturer
2721,left
2722,leftover
2723,leg
2724,legal
2725,leh
2726,lei
2727,lekdog
2728,lemme
2729,lemon
2730,length
2731,lennon
2732,leona
2733,lesser
2734,lesson
2735,let
2736,letter
2737,level
2738,lf
2739,li
2740,liao
2741,lib
2742,libertine
2743,library
2744,lick
2745,lido
2746,lie
2747,life
2748,lifebook
2749,lifetime
2750,lifpartnr
2751,lift
2752,lifted
2753,light
2754,lik
2755,like
2756,liked
2757,likely
2758,likeyour
2759,lil
2760,lily
2761,limit
2762,limiting
2763,lindsay
2764,line
2765,linear
2766,lined
2767,linerental
2768,lingerie
2769,link
2770,lion
2771,lionm
2772,lionp
2773,lip
2774,lipo
2775,liquor
2776,list
2777,listed
2778,listen
2779,listened
2780,listening
2781,listn
2782,lit
2783,literally
2784,litre
2785,little
2786,live
2787,lived
2788,liver
2789,liverpool
2790,living
2791,lk
2792,llc
2793,llspeak
2794,lmao
2795,lnly
2796,lo
2797,load
2798,loan
2799,lobby
2800,local
2801,location
2802,locaxx
2803,lock
2804,lodging
2805,log
2806,logged
2807,logging
2808,login
2809,logo
2810,logoff
2811,logon
2812,loko
2813,lol
2814,lolnice
2815,london
2816,loneliness
2817,lonely
2818,long
2819,longer
2820,lonlines
2821,loo
2822,look
2823,looked
2824,lookin
2825,looking
2826,lool
2827,loose
2828,loosing
2829,loosu
2830,lor
2831,lord
2832,lose
2833,loses
2834,losing
2835,loss
2836,lost
2837,lot
2838,lotr
2839,lotsly
2840,lotta
2841,lotz
2842,lou
2843,loud
2844,lounge
2845,lousy
2846,lov
2847,lovable
2848,love
2849,loved
2850,lovely
2851,loveme
2852,lover
2853,loverboy
2854,lovin
2855,loving
2856,lovingly
2857,low
2858,lower
2859,lowes
2860,loxahatchee
2861,loyal
2862,loyalty
2863,lp
2864,lst
2865,lt
2866,ltd
2867,ltdhelpdesk
2868,lttrs
2869,lubly
2870,luck
2871,luckily
2872,lucky
2873,lucozade
2874,lucy
2875,lucyxx
2876,luks
2877,lunch
2878,lunchtime
2879,lush
2880,luton
2881,luv
2882,luvd
2883,lux
2884,luxury
2885,lv
2886,lvblefrnd
2887,lyf
2888,lyfu
2889,lying
2890,lyric
2891,lyricalladie
2892,ma
2893,maaaan
2894,maangalyam
2895,mac
2896,macedonia
2897,macha
2898,machan
2899,machine
2900,macho
2901,mad
2902,madam
2903,made
2904,madodu
2905,madoke
2906,mag
2907,maga
2908,magazine
2909,maggi
2910,magical
2911,magicalsongs
2912,mah
2913,mahal
2914,mahfuuz
2915,maid
2916,mail
2917,mailbox
2918,mailed
2919,main
2920,maintain
2921,major
2922,make
2923,making
2924,malaria
2925,malarky
2926,male
2927,mall
2928,mallika
2929,man
2930,manage
2931,manageable
2932,managed
2933,management
2934,manchester
2935,manda
2936,mandan
2937,mandara
2938,mandy
2939,maneesha
2940,manege
2941,mango
2942,maniac
2943,manky
2944,many
2945,map
2946,mapquest
2947,maraikara
2948,marandratha
2949,march
2950,margaret
2951,margin
2952,mark
2953,market
2954,marketing
2955,marking
2956,marley
2957,marriage
2958,married
2959,marrow
2960,marry
2961,marvel
2962,mary
2963,massage
2964,massive
2965,master
2966,masteriastering
2967,mat
2968,match
2969,matched
2970,mate
2971,math
2972,mathematics
2973,matric
2974,matrix
2975,matter
2976,matured
2977,maturity
2978,max
2979,maximize
2980,maximum
2981,may
2982,mayb
2983,maybe
2984,mb
2985,mc
2986,mca
2987,mcat
2988,mcfly
2989,mcr
2990,meal
2991,mean
2992,meaning
2993,meaningful
2994,meant
2995,meanwhile
2996,measure
2997,meat
2998,meatball
2999,mecause
3000,med
3001,medical
3002,medicine
3003,mee
3004,meet
3005,meetin
3006,meeting
3007,meetins
3008,meg
3009,mega
3010,meh
3011,mei
3012,meive
3013,melle
3014,melnite
3015,melt
3016,member
3017,membership
3018,memory
3019,men
3020,mental
3021,mention
3022,mentioned
3023,mentionned
3024,mentor
3025,menu
3026,meow
3027,merely
3028,merememberin
3029,merry
3030,mesages
3031,mess
3032,message
3033,messaged
3034,messaging
3035,messenger
3036,messy
3037,met
3038,mf
3039,mfl
3040,mi
3041,michael
3042,mid
3043,middle
3044,midnight
3045,mids
3046,might
3047,miiiiiiissssssssss
3048,mike
3049,mila
3050,mile
3051,mileage
3052,milk
3053,million
3054,milta
3055,min
3056,minapn
3057,mind
3058,minded
3059,mindset
3060,mine
3061,minecraft
3062,mini
3063,minimum
3064,minmobsmorelkpobox
3065,minmoremobsemspobox
3066,minnaminunginte
3067,minor
3068,minus
3069,minute
3070,minuts
3071,miracle
3072,mirror
3073,misbehaved
3074,miserable
3075,misfit
3076,misplaced
3077,miss
3078,misscall
3079,missed
3080,missin
3081,missing
3082,missionary
3083,missunderstding
3084,mist
3085,mistake
3086,misundrstud
3087,mite
3088,mitsake
3089,mittelschmertz
3090,miwa
3091,mix
3092,mj
3093,mjzgroup
3094,ml
3095,mm
3096,mmm
3097,mmmm
3098,mmmmm
3099,mmmmmm
3100,mmmmmmm
3101,mn
3102,mnth
3103,mnths
3104,mo
3105,moan
3106,mob
3107,mobcudb
3108,mobile
3109,mobilesdirect
3110,mobilesvary
3111,mobileupd
3112,mobno
3113,mobstorequiz
3114,moby
3115,mobypobox
3116,mode
3117,model
3118,modl
3119,module
3120,moji
3121,mojibiola
3122,mokka
3123,molested
3124,mom
3125,moment
3126,mon
3127,monday
3128,mone
3129,money
3130,monkey
3131,mono
3132,monoc
3133,month
3134,monthly
3135,mood
3136,moon
3137,moral
3138,morefrmmob
3139,morn
3140,mornin
3141,morning
3142,moro
3143,morow
3144,morphine
3145,morro
3146,morrow
3147,morrowxxxx
3148,moseley
3149,mostly
3150,mother
3151,motherfucker
3152,motivate
3153,motivating
3154,motive
3155,motorola
3156,mountain
3157,mouse
3158,mouth
3159,move
3160,moved
3161,movie
3162,movietrivia
3163,moving
3164,mp
3165,mph
3166,mr
3167,mre
3168,mrng
3169,mrt
3170,mrw
3171,msg
3172,msging
3173,msgrcvd
3174,msgrcvdhg
3175,msn
3176,mt
3177,mtalk
3178,mth
3179,mths
3180,mtmsg
3181,mtmsgrcvd
3182,mu
3183,muah
3184,much
3185,muchand
3186,muchxxlove
3187,mudyadhu
3188,mufti
3189,muht
3190,multiply
3191,multis
3192,mum
3193,mumhas
3194,mummy
3195,mumtaz
3196,mundhe
3197,munsters
3198,murder
3199,murdered
3200,murderer
3201,mush
3202,mushy
3203,music
3204,musical
3205,musicnews
3206,must
3207,musthu
3208,mustprovide
3209,mutation
3210,muz
3211,mw
3212,mylife
3213,mymoby
3214,myparents
3215,mys
3216,myspace
3217,mystery
3218,na
3219,naal
3220,nacho
3221,nag
3222,nagar
3223,nah
3224,nahi
3225,nail
3226,naked
3227,nalla
3228,name
3229,named
3230,nammanna
3231,nan
3232,nange
3233,nap
3234,narcotic
3235,nasdaq
3236,naseeb
3237,nasty
3238,nat
3239,natalie
3240,natalja
3241,national
3242,nationwide
3243,natural
3244,nature
3245,natwest
3246,naughty
3247,nauseous
3248,nav
3249,navigate
3250,nb
3251,nbme
3252,nd
3253,ne
3254,near
3255,nearby
3256,nearer
3257,nearly
3258,necessarily
3259,necessary
3260,necessity
3261,neck
3262,ned
3263,need
3264,needa
3265,needed
3266,needy
3267,neekunna
3268,neft
3269,negative
3270,neglect
3271,neighbor
3272,neighbour
3273,neither
3274,nelson
3275,nervous
3276,neshanth
3277,net
3278,netcollex
3279,netflix
3280,netun
3281,network
3282,networking
3283,neva
3284,never
3285,nevering
3286,nevr
3287,new
3288,neway
3289,newest
3290,newport
3291,newquay
3292,news
3293,newsletter
3294,newspaper
3295,next
3296,nh
3297,ni
3298,nic
3299,nice
3300,nichols
3301,nickey
3302,nigeria
3303,night
3304,nighters
3305,nightnight
3306,nigpun
3307,nigro
3308,nike
3309,nikiyu
3310,nimya
3311,nipost
3312,nite
3313,nitro
3314,nitros
3315,nnfwfly
3316,nobbing
3317,nobody
3318,noe
3319,noice
3320,noisy
3321,nok
3322,nokia
3323,nokias
3324,noline
3325,noncomittal
3326,none
3327,nookii
3328,noon
3329,nooooooo
3330,nope
3331,nora
3332,norcorp
3333,nordstrom
3334,norm
3335,normal
3336,nose
3337,note
3338,notebook
3339,nothin
3340,nothing
3341,notice
3342,notification
3343,notified
3344,notixiquating
3345,nottingham
3346,notxt
3347,noun
3348,novelty
3349,nowadays
3350,nowhere
3351,nri
3352,nt
3353,ntt
3354,ntwk
3355,nu
3356,nuerologist
3357,num
3358,number
3359,nursery
3360,nurungu
3361,nuther
3362,nutter
3363,nvm
3364,nvq
3365,nw
3366,nxt
3367,ny
3368,nyc
3369,nydc
3370,nyt
3371,objection
3372,oblisingately
3373,oblivious
3374,obviously
3375,occupied
3376,occupy
3377,occur
3378,occurs
3379,ocean
3380,october
3381,odi
3382,ofcourse
3383,offc
3384,offcampus
3385,offense
3386,offer
3387,offered
3388,offering
3389,office
3390,officer
3391,official
3392,officially
3393,offline
3394,ofice
3395,ofsi
3396,ofstuff
3397,often
3398,oh
3399,oi
3400,oic
3401,oja
3402,ok
3403,okay
3404,okday
3405,okden
3406,okey
3407,okie
3408,okies
3409,okmail
3410,okors
3411,ola
3412,olave
3413,olayiwola
3414,old
3415,oli
3416,olowoyey
3417,olympics
3418,omg
3419,omw
3420,onam
3421,onbus
3422,oncall
3423,one
3424,oni
3425,onion
3426,online
3427,onluy
3428,onlyfound
3429,onto
3430,onwards
3431,ooh
3432,oooh
3433,oooooh
3434,ooooooh
3435,oops
3436,open
3437,opened
3438,opening
3439,operate
3440,operator
3441,opinion
3442,opponenter
3443,opportunity
3444,opposite
3445,opt
3446,opted
3447,optimistic
3448,option
3449,optout
3450,oral
3451,orange
3452,orchard
3453,order
3454,ordered
3455,ore
3456,oredi
3457,oreo
3458,org
3459,organise
3460,orig
3461,original
3462,orno
3463,ortxt
3464,oru
3465,oso
3466,otbox
3467,others
3468,otherwise
3469,othrs
3470,othrwise
3471,otside
3472,ourbacks
3473,out
3474,outage
3475,outbid
3476,outdoors
3477,outfor
3478,outl
3479,outrageous
3480,outside
3481,outsider
3482,outstanding
3483,outta
3484,overa
3485,overtime
3486,ovr
3487,ovulate
3488,ovulation
3489,ow
3490,owed
3491,owned
3492,owo
3493,oxygen
3494,oz
3495,pa
3496,pack
3497,package
3498,packing
3499,padhe
3500,page
3501,pai
3502,paid
3503,pain
3504,painful
3505,paining
3506,painting
3507,pair
3508,palm
3509,panalam
3510,panasonic
3511,pandy
3512,panic
3513,panicks
3514,panren
3515,pap
3516,papa
3517,paper
3518,paperwork
3519,paracetamol
3520,parachute
3521,paragon
3522,paragraph
3523,parchi
3524,parco
3525,parent
3526,paris
3527,parish
3528,park
3529,parked
3530,parkin
3531,parking
3532,part
3533,participate
3534,particular
3535,particularly
3536,partner
3537,partnership
3538,party
3539,paru
3540,pas
3541,pass
3542,passable
3543,passed
3544,passionate
3545,passport
3546,password
3547,past
3548,patent
3549,path
3550,pathaya
3551,patrick
3552,patty
3553,paul
3554,pause
3555,pax
3556,pay
3557,payasam
3558,payback
3559,payee
3560,paying
3561,payment
3562,payoh
3563,paypal
3564,pc
3565,peace
3566,peaceful
3567,peach
3568,pee
3569,peep
3570,pehle
3571,pei
3572,pen
3573,pendent
3574,pending
3575,penis
3576,penny
3577,people
3578,per
3579,percent
3580,perf
3581,perfect
3582,perform
3583,performed
3584,perfume
3585,perhaps
3586,period
3587,permanent
3588,permission
3589,perpetual
3590,persevered
3591,persolvo
3592,person
3593,personal
3594,personality
3595,perwksub
3596,pesky
3597,pete
3598,petrol
3599,petticoatdreams
3600,pg
3601,ph
3602,pharmacy
3603,phasing
3604,phb
3605,phd
3606,philosophical
3607,philosophy
3608,phne
3609,phoenix
3610,phone
3611,phonebook
3612,phoned
3613,phony
3614,photo
3615,php
3616,phyhcmk
3617,piah
3618,pic
3619,pick
3620,picked
3621,picking
3622,pickle
3623,picsfree
3624,picture
3625,pie
3626,piece
3627,pig
3628,piggy
3629,pilate
3630,pile
3631,pillow
3632,pimple
3633,pin
3634,pink
3635,pint
3636,pisces
3637,pissed
3638,pist
3639,pity
3640,pix
3641,pizza
3642,place
3643,placed
3644,placement
3645,plaid
3646,plan
3647,plane
3648,planet
3649,planned
3650,planning
3651,plate
3652,platt
3653,play
3654,played
3655,player
3656,playin
3657,playing
3658,playng
3659,plaza
3660,pleasant
3661,please
3662,pleased
3663,pleassssssseeeeee
3664,pleasure
3665,pleasured
3666,plenty
3667,plm
3668,ploughing
3669,pls
3670,plum
3671,plumbing
3672,plus
3673,plyr
3674,plz
3675,pm
3676,pmmorefrommobile
3677,po
3678,pobox
3679,poboxox
3680,pocay
3681,pocket
3682,pocketbabe
3683,pocy
3684,pod
3685,poet
3686,point
3687,poker
3688,poking
3689,pole
3690,police
3691,politician
3692,polo
3693,poly
3694,polyc
3695,polyh
3696,polyph
3697,polyphonic
3698,polys
3699,pongal
3700,ponnungale
3701,poo
3702,pooja
3703,pookie
3704,pool
3705,poor
3706,pop
3707,popcorn
3708,popped
3709,popping
3710,porn
3711,portal
3712,portege
3713,posh
3714,posible
3715,position
3716,positive
3717,possession
3718,possessive
3719,possessiveness
3720,possible
3721,possibly
3722,post
3723,postal
3724,postcard
3725,postcode
3726,posted
3727,posting
3728,potato
3729,potential
3730,potter
3731,pouch
3732,pound
3733,poured
3734,pours
3735,pout
3736,power
3737,powerful
3738,poyyarikatur
3739,pp
3740,ppermesssubscription
3741,ppl
3742,pple
3743,ppm
3744,ppmmobilesvary
3745,ppmpobox
3746,ppmsg
3747,ppmx
3748,ppt
3749,prabha
3750,pract
3751,practical
3752,practice
3753,practicing
3754,practising
3755,prakasam
3756,prakasamanu
3757,prakesh
3758,praps
3759,prasad
3760,prasanth
3761,praveesh
3762,pray
3763,prayer
3764,praying
3765,prayrs
3766,pre
3767,predict
3768,predicte
3769,predicting
3770,prediction
3771,predictive
3772,prefer
3773,preferably
3774,prem
3775,premarica
3776,premier
3777,premium
3778,prepaid
3779,prepare
3780,prepared
3781,prepayment
3782,preponed
3783,prescribed
3784,prescription
3785,present
3786,president
3787,presley
3788,presnts
3789,press
3790,pressies
3791,pressure
3792,prestige
3793,pretend
3794,pretsorginta
3795,pretsovru
3796,pretty
3797,prevent
3798,preview
3799,previous
3800,previously
3801,prey
3802,price
3803,pride
3804,priest
3805,prince
3806,princess
3807,print
3808,printed
3809,printer
3810,printing
3811,prior
3812,priority
3813,priscilla
3814,private
3815,prix
3816,prize
3817,prob
3818,probably
3819,problem
3820,problms
3821,process
3822,processed
3823,prod
3824,product
3825,prof
3826,professional
3827,professor
3828,profile
3829,profit
3830,program
3831,progress
3832,project
3833,prolly
3834,prominent
3835,promise
3836,promo
3837,promoting
3838,promotion
3839,prompt
3840,promptly
3841,proof
3842,proper
3843,properly
3844,property
3845,propose
3846,propsd
3847,prospect
3848,protect
3849,proverb
3850,provided
3851,provider
3852,providing
3853,proze
3854,psp
3855,pt
3856,ptbo
3857,pub
3858,public
3859,publish
3860,punch
3861,punish
3862,punj
3863,pura
3864,purchase
3865,pure
3866,purity
3867,purpose
3868,purse
3869,push
3870,pussy
3871,put
3872,puttin
3873,putting
3874,puzzeles
3875,puzzle
3876,pw
3877,px
3878,qatar
3879,qi
3880,qing
3881,qlynnbv
3882,qp
3883,qu
3884,quality
3885,quarter
3886,que
3887,queen
3888,question
3889,questioned
3890,quick
3891,quickly
3892,quiet
3893,quit
3894,quite
3895,quiteamuzing
3896,quitting
3897,quiz
3898,quizclub
3899,quote
3900,quoting
3901,qxj
3902,racal
3903,racing
3904,radiator
3905,radio
3906,raed
3907,rael
3908,raglan
3909,rahul
3910,raiden
3911,railway
3912,rain
3913,raining
3914,raise
3915,raised
3916,raj
3917,raja
3918,raji
3919,rajini
3920,rajitha
3921,rajnikant
3922,rakhesh
3923,rally
3924,ralphs
3925,ran
3926,random
3927,randomly
3928,randy
3929,rang
3930,ranjith
3931,ranju
3932,raping
3933,rat
3934,rate
3935,rather
3936,ratio
3937,ray
3938,rayman
3939,rcb
3940,rcd
3941,rct
3942,rcv
3943,rcvd
3944,rd
3945,rdy
3946,reach
3947,reached
3948,reaching
3949,reaction
3950,read
3951,reader
3952,readiness
3953,reading
3954,ready
3955,real
3956,realise
3957,reality
3958,realize
3959,realized
3960,realizes
3961,really
3962,realy
3963,reapply
3964,reason
3965,reasonable
3966,reassurance
3967,rebel
3968,reboot
3969,rebtel
3970,rec
3971,recd
3972,receipt
3973,receive
3974,receivea
3975,received
3976,receiving
3977,recent
3978,recently
3979,reception
3980,recession
3981,recharge
3982,recharged
3983,reckon
3984,recognise
3985,recognises
3986,record
3987,recorded
3988,recovery
3989,recpt
3990,recreation
3991,recycling
3992,red
3993,redeemed
3994,reduce
3995,ree
3996,ref
3997,reference
3998,referin
3999,refilled
4000,reflex
4001,reformat
4002,refused
4003,reg
4004,regalportfolio
4005,regard
4006,regarding
4007,register
4008,registered
4009,registration
4010,regret
4011,regular
4012,relation
4013,relationship
4014,relative
4015,relax
4016,relaxing
4017,released
4018,relieved
4019,religiously
4020,relocate
4021,rem
4022,remain
4023,remains
4024,remb
4025,remember
4026,remembered
4027,remembr
4028,remind
4029,reminder
4030,reminding
4031,reminds
4032,remixed
4033,removal
4034,remove
4035,removed
4036,rencontre
4037,renewal
4038,renewed
4039,renewing
4040,rent
4041,rental
4042,renting
4043,rentl
4044,repair
4045,repeat
4046,repeating
4047,replace
4048,replacing
4049,replied
4050,reply
4051,replying
4052,report
4053,reppurcussions
4054,representative
4055,request
4056,require
4057,required
4058,research
4059,resend
4060,reserve
4061,reserved
4062,residency
4063,resizing
4064,resolution
4065,resolved
4066,resort
4067,respect
4068,respectful
4069,responce
4070,respond
4071,responding
4072,response
4073,responsibility
4074,rest
4075,restaurant
4076,restocked
4077,resubbing
4078,resubmit
4079,result
4080,resume
4081,resuming
4082,retrieve
4083,return
4084,returned
4085,reunion
4086,reveal
4087,revealed
4088,revealing
4089,reverse
4090,review
4091,revision
4092,reward
4093,rewarding
4094,rg
4095,rgds
4096,rhode
4097,rice
4098,rich
4099,riddance
4100,ridden
4101,ride
4102,right
4103,rightio
4104,rightly
4105,ring
4106,ringtone
4107,ringtoneking
4108,ringtones
4109,rinu
4110,rip
4111,ripped
4112,risk
4113,rite
4114,ritten
4115,river
4116,road
4117,roast
4118,robinson
4119,robs
4120,rock
4121,rocking
4122,rofl
4123,roger
4124,role
4125,roller
4126,romantic
4127,ron
4128,room
4129,roomate
4130,roommate
4131,rose
4132,rough
4133,round
4134,rounder
4135,route
4136,row
4137,rowdy
4138,royal
4139,rp
4140,rpl
4141,rply
4142,rr
4143,rstm
4144,rtm
4145,rto
4146,ru
4147,rub
4148,rubber
4149,rude
4150,rudi
4151,ruin
4152,ruining
4153,rule
4154,rum
4155,rumour
4156,run
4157,running
4158,rush
4159,rushing
4160,rw
4161,rwm
4162,ryan
4163,ryder
4164,sabarish
4165,sac
4166,sachin
4167,sack
4168,sacked
4169,sacrifice
4170,sad
4171,sae
4172,safe
4173,safely
4174,safety
4175,sagamu
4176,saibaba
4177,said
4178,sake
4179,salad
4180,salam
4181,salary
4182,sale
4183,salesman
4184,salmon
4185,salon
4186,salt
4187,sam
4188,samantha
4189,samus
4190,sane
4191,sang
4192,santa
4193,sao
4194,sapna
4195,sar
4196,sara
4197,sarasota
4198,sarcasm
4199,sarcastic
4200,sariyag
4201,sary
4202,sat
4203,sathy
4204,satisfied
4205,satisfy
4206,satsgettin
4207,saturday
4208,saucy
4209,savamob
4210,save
4211,saved
4212,saving
4213,saw
4214,say
4215,saying
4216,sayy
4217,sc
4218,scallies
4219,scarcasim
4220,scared
4221,scary
4222,scenario
4223,scenery
4224,sch
4225,schedule
4226,school
4227,science
4228,scold
4229,scool
4230,scorable
4231,score
4232,scoring
4233,scotch
4234,scotland
4235,scotsman
4236,scouse
4237,scraped
4238,scrappy
4239,scream
4240,screamed
4241,screaming
4242,screen
4243,scrounge
4244,scrumptious
4245,sculpture
4246,sday
4247,se
4248,sea
4249,search
4250,searching
4251,season
4252,seat
4253,sec
4254,second
4255,secret
4256,secretary
4257,secretly
4258,section
4259,secure
4260,sed
4261,see
4262,seed
4263,seeing
4264,seem
4265,seemed
4266,seems
4267,seen
4268,sef
4269,seh
4270,select
4271,selected
4272,selection
4273,self
4274,selfindependence
4275,selfish
4276,selflessness
4277,sell
4278,selling
4279,sem
4280,semester
4281,semi
4282,semiobscure
4283,sen
4284,send
4285,sender
4286,sending
4287,sends
4288,sense
4289,sensible
4290,sensitive
4291,sent
4292,sentence
4293,senthil
4294,sentiment
4295,sept
4296,september
4297,serena
4298,series
4299,serious
4300,seriously
4301,served
4302,server
4303,service
4304,servs
4305,set
4306,setting
4307,settle
4308,settled
4309,settling
4310,seven
4311,seventeen
4312,several
4313,sex
4314,sextextuk
4315,sexual
4316,sexy
4317,sexychat
4318,sez
4319,sg
4320,sh
4321,sha
4322,shade
4323,shadow
4324,shag
4325,shagged
4326,shahjahan
4327,shakara
4328,shakespeare
4329,shaking
4330,shall
4331,shame
4332,shampain
4333,shanil
4334,shant
4335,shaping
4336,share
4337,shared
4338,sharing
4339,shattered
4340,shaved
4341,shb
4342,shd
4343,sheet
4344,shelf
4345,shell
4346,sherawat
4347,shesil
4348,shhhhh
4349,shifad
4350,shijas
4351,shijutta
4352,shinco
4353,shining
4354,ship
4355,shipped
4356,shipping
4357,shirt
4358,shit
4359,shite
4360,shitin
4361,shitinnit
4362,shitload
4363,shitstorm
4364,shld
4365,shock
4366,shoe
4367,shola
4368,shoot
4369,shop
4370,shoppin
4371,shopping
4372,shoranur
4373,shore
4374,short
4375,shortage
4376,shortbreaks
4377,shorter
4378,shortly
4379,shot
4380,shoul
4381,shoulder
4382,shouted
4383,shouting
4384,shove
4385,shoving
4386,show
4387,showed
4388,shower
4389,showered
4390,showing
4391,showr
4392,showroom
4393,shracomorsglsuplt
4394,shrek
4395,shsex
4396,shu
4397,shud
4398,shuhui
4399,shun
4400,shut
4401,shy
4402,si
4403,sian
4404,sib
4405,sick
4406,sickness
4407,side
4408,sigh
4409,sight
4410,sign
4411,significance
4412,significant
4413,signin
4414,signing
4415,silence
4416,silent
4417,silently
4418,silver
4419,sim
4420,simonwatson
4421,simple
4422,simpler
4423,simply
4424,simpson
4425,simulate
4426,since
4427,sinco
4428,sindu
4429,sing
4430,singapore
4431,single
4432,sip
4433,sipix
4434,sir
4435,sirji
4436,sister
4437,sit
4438,site
4439,sitll
4440,sitter
4441,sittin
4442,sitting
4443,situation
4444,siva
4445,six
4446,size
4447,sk
4448,skilgme
4449,skillgame
4450,skin
4451,skint
4452,skip
4453,skirt
4454,sky
4455,skye
4456,skype
4457,skyped
4458,slacking
4459,slap
4460,slave
4461,sleep
4462,sleepin
4463,sleeping
4464,sleepingwith
4465,sleepwell
4466,sleepy
4467,slept
4468,slice
4469,slide
4470,sliding
4471,slip
4472,slippery
4473,slob
4474,slot
4475,slovely
4476,slow
4477,slower
4478,slowing
4479,slowly
4480,slp
4481,slurp
4482,sm
4483,smack
4484,small
4485,smart
4486,smarter
4487,smash
4488,smashed
4489,smear
4490,smell
4491,smeone
4492,smidgin
4493,smile
4494,smiley
4495,smiling
4496,smith
4497,smoke
4498,smoked
4499,smokin
4500,smoking
4501,smsco
4502,smsing
4503,smsrewards
4504,smth
4505,sn
4506,snake
4507,snap
4508,snappy
4509,snatch
4510,snd
4511,sneham
4512,snickering
4513,snoring
4514,snow
4515,snowman
4516,snuggle
4517,so
4518,soc
4519,sochte
4520,social
4521,sofa
4522,soft
4523,software
4524,soil
4525,soiree
4526,sol
4527,soladha
4528,sold
4529,solihull
4530,solve
4531,solved
4532,somebody
4533,someday
4534,someone
4535,someplace
4536,somerset
4537,sometext
4538,somethin
4539,something
4540,sometime
4541,sometimes
4542,sometme
4543,somewhat
4544,somewhere
4545,somewhr
4546,somone
4547,sonathaya
4548,sonetimes
4549,song
4550,sony
4551,sonyericsson
4552,soo
4553,soon
4554,sooner
4555,soonlots
4556,sooo
4557,soooo
4558,sooooo
4559,sore
4560,sorrow
4561,sorry
4562,sort
4563,sorta
4564,sorted
4565,sorting
4566,sory
4567,soryda
4568,soul
4569,sound
4570,sounding
4571,soundtrack
4572,soup
4573,source
4574,south
4575,southern
4576,souveniers
4577,sozi
4578,sp
4579,space
4580,spam
4581,spanish
4582,spare
4583,sparkling
4584,speak
4585,speaking
4586,spec
4587,special
4588,specialisation
4589,specialise
4590,specially
4591,specific
4592,speechless
4593,speed
4594,speedchat
4595,speeding
4596,spell
4597,spelling
4598,spend
4599,spending
4600,spent
4601,spider
4602,spiffing
4603,spile
4604,spinout
4605,spiral
4606,spirit
4607,spk
4608,spl
4609,splashmobile
4610,splat
4611,splendid
4612,split
4613,splleing
4614,spoil
4615,spoiled
4616,spoke
4617,spoken
4618,sponsor
4619,spontaneously
4620,spook
4621,spoon
4622,sporadically
4623,sport
4624,sportsx
4625,spose
4626,spot
4627,spree
4628,spring
4629,sprint
4630,sptv
4631,spun
4632,sq
4633,squatting
4634,squeeeeeze
4635,squeezed
4636,squid
4637,sr
4638,srsly
4639,srt
4640,sry
4641,st
4642,stability
4643,staff
4644,stage
4645,stagwood
4646,stalk
4647,stalking
4648,stamp
4649,stamped
4650,stand
4651,standard
4652,standing
4653,stapati
4654,star
4655,staring
4656,starring
4657,start
4658,started
4659,starting
4660,starve
4661,starving
4662,starwars
4663,stash
4664,stated
4665,statement
4666,station
4667,status
4668,stay
4669,stayed
4670,staying
4671,stchoice
4672,std
4673,stdtxtrate
4674,steak
4675,steal
4676,steam
4677,steamboat
4678,steed
4679,steering
4680,step
4681,stereo
4682,stereophonics
4683,sterm
4684,steve
4685,sth
4686,stick
4687,sticky
4688,stil
4689,still
4690,stink
4691,stock
4692,stockport
4693,stomach
4694,stomp
4695,stone
4696,stoner
4697,stop
4698,stopped
4699,stopsms
4700,stoptx
4701,stoptxt
4702,store
4703,storming
4704,story
4705,str
4706,straight
4707,strain
4708,strange
4709,stranger
4710,stream
4711,street
4712,stress
4713,stressfull
4714,strewn
4715,strict
4716,strike
4717,string
4718,strip
4719,stripe
4720,stroke
4721,strong
4722,strt
4723,strtd
4724,struggling
4725,sts
4726,stu
4727,stubborn
4728,stuck
4729,studdying
4730,student
4731,studio
4732,study
4733,studying
4734,studyn
4735,stuff
4736,stuffed
4737,stunning
4738,stupid
4739,style
4740,stylish
4741,sub
4742,subject
4743,subletting
4744,submitted
4745,submitting
4746,subpoly
4747,subscribe
4748,subscribed
4749,subscriber
4750,subscription
4751,subscrition
4752,subsequent
4753,subtoitles
4754,successful
4755,successfully
4756,suck
4757,sucker
4758,sudden
4759,suddenly
4760,sue
4761,suffer
4762,suffers
4763,sufficient
4764,sugar
4765,sugardad
4766,suggest
4767,suggestion
4768,suite
4769,suitemates
4770,sullivan
4771,sum
4772,sumfing
4773,summer
4774,sumthin
4775,sun
4776,sunday
4777,sundayish
4778,sunlight
4779,sunny
4780,sunoco
4781,sunroof
4782,sunscreen
4783,sunshine
4784,suntec
4785,sup
4786,super
4787,superb
4788,superior
4789,supervisor
4790,suply
4791,supose
4792,supply
4793,support
4794,suppose
4795,supposed
4796,supreme
4797,suprman
4798,sura
4799,sure
4800,surely
4801,surf
4802,surfing
4803,surgical
4804,surname
4805,surprise
4806,surprised
4807,surrender
4808,survey
4809,sutra
4810,sux
4811,suzy
4812,sw
4813,swalpa
4814,swann
4815,swap
4816,swashbuckling
4817,swat
4818,sway
4819,swayze
4820,swear
4821,sweater
4822,sweatter
4823,sweet
4824,sweetest
4825,sweetheart
4826,sweetie
4827,swhrt
4828,swimming
4829,swing
4830,swiss
4831,switch
4832,swollen
4833,swoop
4834,swt
4835,swtheart
4836,symbol
4837,syria
4838,system
4839,ta
4840,table
4841,tablet
4842,tackle
4843,taco
4844,tactful
4845,tag
4846,tahan
4847,taj
4848,taka
4849,take
4850,taken
4851,takin
4852,taking
4853,talent
4854,talk
4855,talkbut
4856,talked
4857,talkin
4858,talking
4859,tall
4860,tallahassee
4861,tallent
4862,tamilnadu
4863,tampa
4864,tank
4865,tantrum
4866,tap
4867,tariff
4868,tarot
4869,tarpon
4870,taste
4871,tasts
4872,tat
4873,tata
4874,tattoo
4875,tau
4876,taunton
4877,tax
4878,taxi
4879,taxless
4880,taxt
4881,taylor
4882,tayseer
4883,tb
4884,tc
4885,tcr
4886,te
4887,tea
4888,teach
4889,teacher
4890,teaching
4891,team
4892,tear
4893,tease
4894,teasing
4895,tech
4896,technical
4897,technology
4898,tee
4899,teeth
4900,tel
4901,telediscount
4902,telephone
4903,tell
4904,telling
4905,tellmiss
4906,telly
4907,telphone
4908,telugu
4909,temales
4910,temp
4911,temper
4912,temple
4913,ten
4914,tenant
4915,tendency
4916,tenerife
4917,tensed
4918,tension
4919,teresa
4920,term
4921,terminated
4922,termsapply
4923,terrible
4924,terrific
4925,terror
4926,terrorist
4927,tescos
4928,tessy
4929,test
4930,testing
4931,tex
4932,text
4933,textbuddy
4934,textcomp
4935,texted
4936,texting
4937,textoperator
4938,textpod
4939,tf
4940,tg
4941,th
4942,thandiyachu
4943,thangam
4944,thank
4945,thanks
4946,thanku
4947,thankyou
4948,thanx
4949,thatmum
4950,thats
4951,theatre
4952,theme
4953,themob
4954,theoretically
4955,theory
4956,theplace
4957,there
4958,thesedays
4959,thesis
4960,thfeb
4961,thgt
4962,thia
4963,thin
4964,thing
4965,think
4966,thinkin
4967,thinking
4968,thinkthis
4969,thinl
4970,thirtyeight
4971,thirunelvali
4972,thk
4973,thkin
4974,thm
4975,thmarch
4976,thnk
4977,thnov
4978,thnq
4979,thnx
4980,tho
4981,thot
4982,though
4983,thought
4984,thousad
4985,thousand
4986,thout
4987,thread
4988,threat
4989,three
4990,threw
4991,thriller
4992,throat
4993,throw
4994,throwin
4995,throwing
4996,thru
4997,tht
4998,thts
4999,thuglyfe
5000,thurs
5001,thursday
5002,thus
5003,thx
5004,thy
5005,ti
5006,tick
5007,ticket
5008,tie
5009,tiempo
5010,tiger
5011,tight
5012,tigress
5013,tihs
5014,til
5015,till
5016,time
5017,timin
5018,timing
5019,tip
5020,tired
5021,tirunelvai
5022,tirunelvali
5023,tirupur
5024,tissco
5025,title
5026,tiwary
5027,tke
5028,tkts
5029,tlk
5030,tlp
5031,tm
5032,tming
5033,tmorow
5034,tmr
5035,tncs
5036,toa
5037,toaday
5038,tobed
5039,toclaim
5040,today
5041,todo
5042,tog
5043,together
5044,tohar
5045,tok
5046,told
5047,toledo
5048,toll
5049,tom
5050,tomarrow
5051,tomeandsaid
5052,tomo
5053,tomorro
5054,tomorrow
5055,tomorw
5056,ton
5057,tone
5058,tonexs
5059,tongued
5060,tonight
5061,tonite
5062,took
5063,tookplace
5064,tooo
5065,toot
5066,tooth
5067,toothpaste
5068,top
5069,toplay
5070,toppoly
5071,tor
5072,torch
5073,torrent
5074,tortilla
5075,torture
5076,toshiba
5077,tot
5078,total
5079,totally
5080,touch
5081,touched
5082,tough
5083,toughest
5084,tour
5085,towards
5086,town
5087,toxic
5088,toyota
5089,track
5090,trade
5091,traffic
5092,train
5093,trained
5094,training
5095,trainners
5096,tranquility
5097,transaction
5098,transfer
5099,transfered
5100,transferred
5101,transfr
5102,transport
5103,trauma
5104,trav
5105,travel
5106,travelled
5107,travelling
5108,treacle
5109,treadmill
5110,treasure
5111,treat
5112,treatin
5113,treble
5114,tree
5115,trek
5116,trial
5117,tried
5118,trip
5119,trishul
5120,trivia
5121,tron
5122,trouble
5123,truble
5124,truck
5125,true
5126,truffle
5127,truly
5128,truro
5129,trust
5130,trusting
5131,truth
5132,try
5133,trying
5134,tsandcs
5135,tscs
5136,tsunami
5137,tt
5138,ttyl
5139,tues
5140,tuesday
5141,tui
5142,tuition
5143,tul
5144,tulip
5145,tulsi
5146,tunde
5147,tune
5148,tunji
5149,turn
5150,turned
5151,turning
5152,tuth
5153,tv
5154,twat
5155,twelve
5156,twenty
5157,twice
5158,twiggs
5159,twilight
5160,twinks
5161,two
5162,txt
5163,txtauction
5164,txtin
5165,txting
5166,txtno
5167,txts
5168,txtstop
5169,txttowin
5170,tyler
5171,type
5172,tyrone
5173,uawake
5174,ubandu
5175,ubi
5176,ugh
5177,ugo
5178,uh
5179,uin
5180,uk
5181,ukp
5182,ultimate
5183,ultimately
5184,ultimatum
5185,um
5186,umma
5187,ummifying
5188,ummma
5189,ummmmmaah
5190,un
5191,unable
5192,unbelievable
5193,unbreakable
5194,unclaimed
5195,uncle
5196,unconditionally
5197,unconscious
5198,unconsciously
5199,unconvinced
5200,uncountable
5201,uncut
5202,underdtand
5203,understand
5204,understanding
5205,understood
5206,underwear
5207,undrstnd
5208,undrstndng
5209,unemployed
5210,uneventful
5211,unfolds
5212,unfortunately
5213,unhappiness
5214,unhappy
5215,uni
5216,uniform
5217,unique
5218,university
5219,unjalur
5220,unkempt
5221,unknown
5222,unless
5223,unlimited
5224,unnecessarily
5225,unni
5226,unrecognized
5227,unredeemed
5228,unsold
5229,unsub
5230,unsubscribe
5231,untamed
5232,upd
5233,updat
5234,update
5235,upgrade
5236,upgrading
5237,upload
5238,uploaded
5239,upon
5240,ups
5241,upset
5242,upstairs
5243,upto
5244,uptown
5245,ur
5246,urawinner
5247,ure
5248,urgent
5249,urgently
5250,urgh
5251,urgnt
5252,urgoin
5253,urination
5254,url
5255,urn
5256,urself
5257,us
5258,usa
5259,usb
5260,usc
5261,use
5262,used
5263,useful
5264,useless
5265,user
5266,usf
5267,usher
5268,using
5269,usmle
5270,usps
5271,usual
5272,usually
5273,uterus
5274,utter
5275,uttered
5276,utxt
5277,uv
5278,uve
5279,uz
5280,va
5281,vaazhthukkal
5282,vague
5283,vaguely
5284,vale
5285,valentine
5286,valid
5287,valuable
5288,value
5289,valued
5290,valuing
5291,vargu
5292,various
5293,varma
5294,vary
5295,vasai
5296,vat
5297,vatian
5298,vava
5299,vco
5300,vday
5301,vegetable
5302,veggie
5303,vehicle
5304,velachery
5305,velusamy
5306,venugopal
5307,verified
5308,verify
5309,version
5310,versus
5311,vettam
5312,vewy
5313,via
5314,vibrant
5315,vibrate
5316,victor
5317,victoria
5318,vid
5319,video
5320,videochat
5321,videophones
5322,videosound
5323,videosounds
5324,view
5325,vijay
5326,vikky
5327,villa
5328,village
5329,vinobanagar
5330,violence
5331,violet
5332,vip
5333,virgin
5334,virtual
5335,visionsms
5336,visit
5337,visiting
5338,visitor
5339,vital
5340,vitamin
5341,viva
5342,vivek
5343,vl
5344,voda
5345,vodafone
5346,vodka
5347,voice
5348,voicemail
5349,voila
5350,volcano
5351,vomit
5352,vomitin
5353,vomiting
5354,vote
5355,voted
5356,vouch
5357,voucher
5358,vry
5359,vth
5360,vu
5361,wa
5362,wad
5363,wadebridge
5364,wah
5365,waheed
5366,waheeda
5367,wahleykkum
5368,waht
5369,wait
5370,waited
5371,waitin
5372,waiting
5373,wake
5374,waking
5375,wale
5376,waliking
5377,walk
5378,walkabout
5379,walked
5380,walking
5381,wall
5382,wallpaper
5383,walmart
5384,wan
5385,wana
5386,wanna
5387,wannatell
5388,want
5389,wanted
5390,wanting
5391,wap
5392,waqt
5393,warm
5394,warned
5395,warner
5396,warning
5397,warranty
5398,washob
5399,wasnt
5400,waste
5401,wasted
5402,wasting
5403,wat
5404,watch
5405,watchin
5406,watching
5407,watchng
5408,water
5409,watever
5410,watevr
5411,wating
5412,watr
5413,wats
5414,watt
5415,wave
5416,wavering
5417,waxsto
5418,way
5419,waz
5420,wb
5421,wc
5422,weak
5423,weakness
5424,weapon
5425,wear
5426,wearing
5427,weasel
5428,weaseling
5429,weather
5430,web
5431,webadres
5432,webpage
5433,website
5434,wed
5435,weddin
5436,wedding
5437,weddingfriend
5438,wednesday
5439,wee
5440,weed
5441,week
5442,weekday
5443,weekend
5444,weekly
5445,weigh
5446,weight
5447,weird
5448,weirdest
5449,weirdo
5450,weiyi
5451,welcome
5452,well
5453,welp
5454,wen
5455,wendy
5456,wenever
5457,went
5458,wenwecan
5459,wer
5460,werebored
5461,wesley
5462,west
5463,westlife
5464,westonzoyland
5465,wet
5466,wetherspoons
5467,wewa
5468,whassup
5469,whatever
5470,whats
5471,wheat
5472,wheellock
5473,whenever
5474,whenevr
5475,whens
5476,wherever
5477,wherevr
5478,whether
5479,whilltake
5480,whisper
5481,white
5482,whn
5483,who
5484,whole
5485,whore
5486,whr
5487,wicklow
5488,wid
5489,widelive
5490,wif
5491,wife
5492,wifi
5493,wihtuot
5494,wil
5495,wild
5496,wildest
5497,wildlife
5498,willing
5499,willpower
5500,win
5501,winaweek
5502,winawk
5503,wind
5504,window
5505,wine
5506,wined
5507,wing
5508,winner
5509,winnersclub
5510,winning
5511,winterstone
5512,wipro
5513,wire
5514,wisdom
5515,wise
5516,wish
5517,wishin
5518,wishing
5519,wishlist
5520,wiskey
5521,wit
5522,withdraw
5523,within
5524,without
5525,witin
5526,witot
5527,wiv
5528,wizzle
5529,wk
5530,wkend
5531,wkent
5532,wkg
5533,wkly
5534,wknd
5535,wks
5536,wml
5537,wn
5538,wnevr
5539,wnt
5540,wo
5541,wocay
5542,woke
5543,woken
5544,woman
5545,womdarfull
5546,wondarfull
5547,wonder
5548,wonderful
5549,wondering
5550,wont
5551,woo
5552,wood
5553,woodland
5554,woould
5555,woozles
5556,word
5557,work
5558,workage
5559,workand
5560,workin
5561,working
5562,workout
5563,world
5564,worried
5565,worry
5566,worrying
5567,worse
5568,worst
5569,worth
5570,worthless
5571,worzels
5572,wot
5573,wotz
5574,woul
5575,would
5576,woulda
5577,wound
5578,wow
5579,wp
5580,wq
5581,wr
5582,wrc
5583,wrecked
5584,wrenching
5585,wright
5586,write
5587,writhing
5588,wrk
5589,wrking
5590,wrld
5591,wrnog
5592,wrong
5593,wrongly
5594,wrote
5595,wt
5596,wtc
5597,wtf
5598,wtlp
5599,wu
5600,wud
5601,wudn
5602,wuld
5603,wun
5604,wv
5605,www
5606,wx
5607,wylie
5608,xafter
5609,xam
5610,xavier
5611,xchat
5612,xe
5613,xh
5614,xin
5615,xmas
5616,xn
5617,xuhui
5618,xx
5619,xxuk
5620,xxx
5621,xxxx
5622,xxxxx
5623,xxxxxx
5624,xxxxxxx
5625,xxxxxxxxx
5626,xxxxxxxxxxxxxx
5627,xy
5628,ya
5629,yah
5630,yahoo
5631,yalrigu
5632,yalru
5633,yan
5634,yar
5635,yarasu
5636,yard
5637,yavnt
5638,yaxx
5639,yay
5640,yeah
5641,year
5642,yeh
5643,yelling
5644,yellow
5645,yen
5646,yep
5647,yer
5648,yes
5649,yest
5650,yesterday
5651,yet
5652,yetty
5653,yetunde
5654,yf
5655,yi
5656,yijue
5657,ym
5658,ymca
5659,yo
5660,yoga
5661,yogasana
5662,yor
5663,youdoing
5664,youi
5665,young
5666,younger
5667,youphone
5668,youre
5669,yourjob
5670,youuuuu
5671,youwanna
5672,yoville
5673,yowifes
5674,yoyyooo
5675,yr
5676,ystrday
5677,ything
5678,yummmm
5679,yummy
5680,yun
5681,yunny
5682,yuo
5683,yuou
5684,yup
5685,yupz
5686,zac
5687,zaher
5688,zealand
5689,zed
5690,zero
5691,zf
5692,zhong
5693,zindgi
5694,zoe
5695,zogtorius
5696,zoom
5697,zyada
